<?xml version="1.0" encoding="UTF-8"?>
<project-private xmlns="http://www.netbeans.org/ns/project-private/1">
    <editor-bookmarks xmlns="http://www.netbeans.org/ns/editor-bookmarks/2" lastBookmarkId="0"/>
    <open-files xmlns="http://www.netbeans.org/ns/projectui-open-files/2">
        <group>
            <file>file:/C:/Users/chant/OneDrive/Documents/NetBeansProjects/raices/src/Funcion.java</file>
            <file>file:/C:/Users/chant/OneDrive/Documents/NetBeansProjects/raices/src/MetodoNewton.java</file>
            <file>file:/C:/Users/chant/OneDrive/Documents/NetBeansProjects/raices/src/Main.java</file>
            <file>file:/C:/Users/chant/OneDrive/Documents/NetBeansProjects/raices/src/MetodoReglaFalsa.java</file>
            <file>file:/C:/Users/chant/OneDrive/Documents/NetBeansProjects/raices/src/MetodoSecante.java</file>
            <file>file:/C:/Users/chant/OneDrive/Documents/NetBeansProjects/raices/src/MetodoBiseccion.java</file>
        </group>
    </open-files>
</project-private>
